[
  {
    "id": "a5605614-01a6-45a9-abf2-a8b881d60a10",
    "profileId": "e9b0ebd1-e278-4dc2-bedb-7e1e9320d6ec",
    "type": "text",
    "text": "Always code as if the guy who ends up maintaining your code will be a violent psychopath who knows where you live. — Martin Golding",
    "date": "2018-01-11T07:07:24.344Z"
  },
  {
    "id": "da96db93-727e-4da1-9408-35daea1e9cb6",
    "profileId": "c83b1e6e-e67d-4f6b-a120-f7faf7ae6371",
    "type": "text",
    "text": "All computers wait at the same speed. — Unknown",
    "date": "2018-01-11T06:37:16.271Z"
  },
  {
    "id": "e6376aff-2cae-45ab-aae7-5708f3aeb0a8",
    "profileId": "8f4f6d4d-9c7f-401b-a6fa-f5347134c265",
    "type": "image",
    "image": "fashion-5.jpg",
    "date": "2018-01-11T06:13:05.538Z"
  },
  {
    "id": "118b8de0-2998-4216-bed2-0598ab278e7a",
    "profileId": "38bbb7ac-d244-43e4-9bb4-78579591e193",
    "type": "text",
    "text": "A misplaced decimal point will always end up where it will do the greatest damage. — Unknown",
    "date": "2018-01-11T06:10:01.791Z"
  },
  {
    "id": "a5ea5d7b-8e46-4108-bea0-3c4081049659",
    "profileId": "90f9d621-760a-41db-b68d-d462cc9e9e29",
    "type": "image",
    "image": "people-1.jpg",
    "date": "2018-01-11T06:00:10.192Z"
  },
  {
    "id": "f60f7e8c-ee63-4395-8e62-7061fd4c4f77",
    "profileId": "238007a9-36bb-48b2-a853-d2876d2ea33e",
    "type": "text",
    "text": "Every good work of software starts by scratching a developer´s personal itch — Unknown",
    "date": "2018-01-11T05:33:43.926Z"
  },
  {
    "id": "41b36166-3492-4959-94d5-2da14c089b9f",
    "profileId": "13c7c2f3-41bb-404a-b1c6-69394af5d627",
    "type": "text",
    "text": "A good programmer looks both ways before crossing a one-way street. — Unknown",
    "date": "2018-01-11T05:23:46.710Z"
  },
  {
    "id": "144034b2-e456-4d57-8e8e-e377aa5b6f6a",
    "profileId": "4e2a177a-d197-4148-8c1e-dde93231fa26",
    "type": "text",
    "text": "A computer program does what you tell it to do, not what you want it to do. — Unknown",
    "date": "2018-01-11T05:20:52.862Z"
  },
  {
    "id": "c21a8a37-e1f7-4fd5-b205-8ea67b53b8ba",
    "profileId": "38bbb7ac-d244-43e4-9bb4-78579591e193",
    "type": "text",
    "text": "\"Intel Inside\" is a Government Warning required by Law. — Unknown",
    "date": "2018-01-11T05:08:35.936Z"
  },
  {
    "id": "c7375ea1-2605-4381-81b7-213e9bb70ee0",
    "profileId": "4e2a177a-d197-4148-8c1e-dde93231fa26",
    "type": "image",
    "image": "people-3.jpg",
    "date": "2018-01-11T04:58:33.372Z"
  },
  {
    "id": "11f58463-66e9-4828-b275-816965279a78",
    "profileId": "7b26ab6c-2cf6-4267-a9b2-4ed4ab19a514",
    "type": "image",
    "image": "sports-3.jpg",
    "date": "2018-01-11T04:43:47.326Z"
  },
  {
    "id": "68046542-b155-439d-9028-980ed4951fec",
    "profileId": "8f4f6d4d-9c7f-401b-a6fa-f5347134c265",
    "type": "text",
    "text": "Common sense gets a lot of credit that belongs to cold feet. — Arthur Godfrey",
    "date": "2018-01-11T04:18:31.905Z"
  },
  {
    "id": "19d32058-068f-44c7-b59c-1219b87a4fa2",
    "profileId": "10dd19f7-53ef-4fb7-a531-02f1496ab69f",
    "type": "text",

    "text": "Chuck Norris doesn’t go hunting. Chuck Norris goes killing. — Unknown",
    "date": "2018-01-11T03:52:42.024Z"
  },
  {
    "id": "5f23e147-20ed-47f2-8270-653b3e6bf1c3",
    "profileId": "c5312ed4-8de0-404c-8686-cba6f22946a0",
    "type": "text",

    "text": "Chuck Norris counted to infinity... twice. — Unknown",
    "date": "2018-01-11T03:41:46.544Z"
  },
  {
    "id": "73a59a76-024b-4c5f-b115-78db94c2166e",
    "profileId": "996b03b4-2fd1-4b15-bd0f-7f260a70bcd0",
    "type": "text",
    "text": "C is quirky, flawed, and an enormous success. — Unknown",
    "date": "2018-01-11T03:29:16.136Z"
  },
  {
    "id": "aca56f3a-bf5a-4752-97be-5624167c1316",
    "profileId": "90f9d621-760a-41db-b68d-d462cc9e9e29",
    "type": "text",
    "text": "Beta is Latin for still doesn’t work. — Unknown",
    "date": "2018-01-11T03:27:45.984Z"
  },
  {
    "id": "b26dab30-82fc-426f-b868-e9c35071a062",
    "profileId": "7234ca60-2ece-482b-a8d0-1bd4fdf06a1e",
    "type": "text",

    "text": "ASCII stupid question, get a stupid ANSI! — Unknown",
    "date": "2018-01-11T03:23:37.092Z"
  },
  {
    "id": "5e527e62-7037-46fe-b3b3-18551691729c",
    "profileId": "b483e3b6-55c7-47ec-96b7-dbc27509a4b9",
    "type": "image",
    "image": "sports-6.jpg",
    "date": "2018-01-11T03:21:09.625Z"
  },
  {
    "id": "16701011-0f02-4f4c-b067-5ee68e13bdb5",
    "profileId": "10dd19f7-53ef-4fb7-a531-02f1496ab69f",
    "type": "text",
    "text": "Artificial Intelligence usually beats natural stupidity. — Unknown",
    "date": "2018-01-11T03:15:28.748Z"
  },
  {
    "id": "a3930202-0004-4952-8de2-9963d7593967",
    "profileId": "b483e3b6-55c7-47ec-96b7-dbc27509a4b9",
    "type": "text",
    "text": "Any fool can use a computer. Many do. — Ted Nelson",
    "date": "2018-01-11T03:05:01.640Z"
  },
  {
    "id": "571e2bd1-8a84-43e3-905d-e7179363d826",
    "profileId": "4e2a177a-d197-4148-8c1e-dde93231fa26",
    "type": "text",
    "text": "Hey! It compiles! Ship it! — Unknown",
    "date": "2018-01-11T03:02:51.565Z"
  },
  {
    "id": "5c0b0731-868e-45c0-a119-55feb6053ac1",
    "profileId": "c5312ed4-8de0-404c-8686-cba6f22946a0",
    "type": "text",
    "text": "Hate cannot drive out hate; only love can do that. — Martin Luther King Junior",
    "date": "2018-01-11T03:02:33.116Z"
  },
  {
    "id": "60bae80b-3cbc-438b-96a1-dfe53ed25056",
    "profileId": "4e2a177a-d197-4148-8c1e-dde93231fa26",
    "type": "text",
    "text": "Perfection (in design) is achieved not when there is nothing more to add, but rather when there is nothing more to take away. — Antoine de Saint-Exupery",
    "date": "2018-01-11T02:55:16.763Z"
  },
  {
    "id": "19e09e1e-3426-4b1f-949b-e4bb866a644f",
    "profileId": "189c274d-b083-4560-a73f-2957cafabf8b",
    "type": "text",
    "text": "Guns don’t kill people. Chuck Norris kills people. — Unknown",
    "date": "2018-01-11T02:34:26.122Z"
  },
  {
    "id": "98936a36-4405-49b2-ba36-f1d17b041b64",
    "profileId": "84befee1-ec96-41c0-8ba1-821634780893",
    "type": "text",
    "text": "God is real, unless declared integer. — Unknown",
    "date": "2018-01-11T02:29:28.571Z"
  },
  {
    "id": "0e6c8f87-d88e-4459-9888-2da0d56268ca",
    "profileId": "888aec66-9ba5-4bc5-954c-2edab96a0ba2",
    "type": "text",
    "text": "Prolific programmers contribute to certain disaster. — Niklaus Wirth",
    "date": "2018-01-11T02:19:26.854Z"
  },
  {
    "id": "af7b741f-7e62-4f9b-b57f-9294f013369f",
    "profileId": "7b26ab6c-2cf6-4267-a9b2-4ed4ab19a514",
    "type": "text",
    "text": "First, solve the problem. Then, write the code. — John Johnson",
    "date": "2018-01-11T02:14:48.276Z"
  },
  {
    "id": "c3b604ac-8dfe-4b32-80f7-6efd39dc3401",
    "profileId": "f611998f-5b25-4667-bed6-e6b64b4cde01",
    "type": "text",
    "text": "Experience is the name everyone gives to their mistakes. — Oscar Wilde",
    "date": "2018-01-11T02:12:10.401Z"
  },
  {
    "id": "fb722258-66c1-4047-891d-3ec9282dce9f",
    "profileId": "10dd19f7-53ef-4fb7-a531-02f1496ab69f",
    "type": "text",
    "text": "Every piece of software written today is likely going to infringe on someone else’s patent. — Miguel de Icaza",
    "date": "2018-01-11T02:00:26.355Z"
  },
  {
    "id": "ec1f914a-8d4b-4ae7-bbe3-a8f170070940",
    "profileId": "5159c259-dc45-4dea-a063-a78e6df4b2be",
    "type": "text",
    "text": "Computers make very fast, very accurate mistakes. — Unknown",
    "date": "2018-01-11T01:51:53.045Z"
  },
  {
    "id": "04fb7e41-1c68-4dd6-9523-96c9ef56d82d",
    "profileId": "fd08444e-ec1a-4001-8ae0-452214e7db8d",
    "type": "image",
    "image": "business-2.jpg",
    "date": "2018-01-11T01:18:24.268Z"
  },
  {
    "id": "e271bfdb-2586-4258-98cd-9a3e5cc7a5fa",
    "profileId": "b483e3b6-55c7-47ec-96b7-dbc27509a4b9",
    "type": "text",
    "text": "Computers do not solve problems, they execute solutions. — Unknown",
    "date": "2018-01-11T00:57:47.112Z"
  },
  {
    "id": "c3e5561a-1667-49f1-b07a-2bf5f38ad54b",
    "profileId": "7c194597-c6ec-4ef6-9525-983336801a09",
    "type": "image",
    "image": "city-2.jpg",
    "date": "2018-01-11T00:51:08.238Z"
  },
  {
    "id": "53bf252a-d635-4a20-b1c6-2a3d1e1a6f9d",
    "profileId": "c83b1e6e-e67d-4f6b-a120-f7faf7ae6371",
    "type": "text",
    "text": "I have NOT lost my mind—I have it backed up on tape somewhere. — Unknown",
    "date": "2018-01-11T00:50:27.509Z"
  },
  {
    "id": "9c1053c7-903a-43d2-bdb6-69ff6f4c0d7d",
    "profileId": "238007a9-36bb-48b2-a853-d2876d2ea33e",
    "type": "text",
    "text": "Programming can be fun, so can cryptography; however they should not be combined. — Kreitzberg and Shneiderman",
    "date": "2018-01-11T00:50:02.282Z"
  },
  {
    "id": "bea2b29e-aae3-40e2-a69e-d4f7d1ad2e09",
    "profileId": "38bbb7ac-d244-43e4-9bb4-78579591e193",
    "type": "text",
    "text": "If brute force doesn’t solve your problems, then you aren’t using enough. — Unknown",
    "date": "2018-01-11T00:35:41.620Z"
  },
  {
    "id": "c9785784-6df8-4540-b0fa-317189f00648",
    "profileId": "29472dde-9001-492f-9c73-daf249e04b6f",
    "type": "text",
    "text": "It´s better to wait for a productive programmer to become available than it is to wait for the first available programmer to become productive. — Steve McConnell",
    "date": "2018-01-11T00:32:59.170Z"
  },
  {
    "id": "6b32e806-7cfc-4e16-869a-1b94d31060ef",
    "profileId": "5385775d-49ee-4b1e-ada7-8e0d9f9e9dc0",
    "type": "text",
    "text": "It works on my machine. — Unknown",
    "date": "2018-01-11T00:12:37.213Z"
  },
  {
    "id": "bb4e5771-c994-42e2-b064-0732d8084c27",
    "profileId": "238007a9-36bb-48b2-a853-d2876d2ea33e",
    "type": "image",
    "image": "transport-9.jpg",
    "date": "2018-01-11T00:04:17.990Z"
  },
  {
    "id": "da96754d-3099-4ff8-b991-a6e690ec733d",
    "profileId": "996b03b4-2fd1-4b15-bd0f-7f260a70bcd0",
    "type": "text",
    "text": "Java is, in many ways, C++??. — Unknown",
    "date": "2018-01-10T23:52:34.523Z"
  },
  {
    "id": "f6c7c607-7832-4e67-97f2-ab4e8119f7a0",
    "profileId": "e9b0ebd1-e278-4dc2-bedb-7e1e9320d6ec",
    "type": "text",
    "text": "Keyboard not found...Press any key to continue. — Unknown",
    "date": "2018-01-10T23:48:37.065Z"
  },
  {
    "id": "04d1bd25-62cd-4283-b1dd-48262c183976",
    "profileId": "ef9dc08a-f3b8-4794-8803-8bd4c67e900d",
    "type": "image",
    "image": "transport-6.jpg",
    "date": "2018-01-10T23:27:04.605Z"
  },
  {
    "id": "acf14a43-9b59-454f-bd26-625debf9313e",
    "profileId": "5159c259-dc45-4dea-a063-a78e6df4b2be",
    "type": "image",
    "image": "food-9.jpg",
    "date": "2018-01-10T23:14:49.965Z"
  },
  {
    "id": "01397b43-de62-42e4-aaf4-b64528555d09",
    "profileId": "7c194597-c6ec-4ef6-9525-983336801a09",
    "type": "text",
    "text": "An organization that treats its programmers as morons will soon have programmers that are willing and able to act like morons only. — Bjarne Stroustrup",
    "date": "2018-01-10T23:09:53.059Z"
  },
  {
    "id": "4f2b880f-8012-4a52-bbd5-6a9ecacd8851",
    "profileId": "fd08444e-ec1a-4001-8ae0-452214e7db8d",
    "type": "text",
    "text": "Life would be so much easier if we only had the source code. — Unknown",
    "date": "2018-01-10T23:06:27.299Z"
  },
  {
    "id": "cf873efc-868f-47df-9c7a-63579e790f81",
    "profileId": "7c194597-c6ec-4ef6-9525-983336801a09",
    "type": "image",
    "image": "technics-9.jpg",
    "date": "2018-01-10T23:04:48.915Z"
  },
  {
    "id": "c49536a0-4165-45e2-8fdf-ceadbaeaaa7f",
    "profileId": "38bbb7ac-d244-43e4-9bb4-78579591e193",
    "type": "text",
    "text": "Mac users swear by their Mac, PC users swear at their PC. — Unknown",
    "date": "2018-01-10T22:55:02.496Z"
  },
  {
    "id": "2daccb1f-81d9-4504-869e-4cade0aa2f8c",
    "profileId": "10dd19f7-53ef-4fb7-a531-02f1496ab69f",
    "type": "text",
    "text": "Microsoft is not the answer. Microsoft is the question. \"No\" is the answer. — Unknown",
    "date": "2018-01-10T22:45:41.535Z"
  },
  {
    "id": "49323a13-d199-4cab-a8eb-74096868eae7",
    "profileId": "5385775d-49ee-4b1e-ada7-8e0d9f9e9dc0",
    "type": "text",
    "text": "MS-DOS isn’t dead, it just smells that way. — Unknown",
    "date": "2018-01-10T22:43:17.697Z"
  },
  {
    "id": "b671ba88-8f6d-4c76-9903-baebbec6f714",
    "profileId": "27839415-c3f7-4ef2-bedd-264497f6d14a",
    "type": "text",
    "text": "Only half of programming is coding. The other 90% is debugging. — Unknown",
    "date": "2018-01-10T22:29:06.622Z"
  },
  {
    "id": "2b6ec5af-ca06-4d89-ba9d-13f29faa7a7f",
    "profileId": "8f4f6d4d-9c7f-401b-a6fa-f5347134c265",
    "type": "text",
    "text": "Pasting code from the Internet into production code is like chewing gum found in the street. — Unknown",
    "date": "2018-01-10T22:18:14.603Z"
  },
  {
    "id": "7e88d5c2-1755-4c80-97d7-7fdbd4119834",
    "profileId": "7c194597-c6ec-4ef6-9525-983336801a09",
    "type": "image",
    "image": "cats-8.jpg",
    "date": "2018-01-10T22:07:36.864Z"
  },
  {
    "id": "41e445e5-7398-446f-b429-66491b0a66dc",
    "profileId": "7b26ab6c-2cf6-4267-a9b2-4ed4ab19a514",
    "type": "image",
    "image": "cats-6.jpg",
    "date": "2018-01-10T21:59:33.641Z"
  },
  {
    "id": "84858874-75f2-48aa-8db0-d15752543dfa",
    "profileId": "7b26ab6c-2cf6-4267-a9b2-4ed4ab19a514",
    "type": "text",
    "text": "Press any key to continue or any other key to quit. — Unknown",
    "date": "2018-01-10T21:43:27.632Z"
  },
  {
    "id": "1d242add-6b41-4e2c-a880-f4f7f6007bde",
    "profileId": "84befee1-ec96-41c0-8ba1-821634780893",
    "type": "text",
    "text": "Profanity is the one language all programmers know best. — Unknown",
    "date": "2018-01-10T21:37:06.696Z"
  },
  {
    "id": "a8c49d6a-35c8-48c4-ba31-3bdb8dbf6838",
    "profileId": "c5312ed4-8de0-404c-8686-cba6f22946a0",
    "type": "text",
    "text": "The best thing about a boolean is even if you are wrong, you are only off by a bit. — Unknown",

    "date": "2018-01-10T21:30:27.130Z"
  },
  {
    "id": "ea2bf386-9086-4dc4-82e4-85b6b775a4f5",
    "profileId": "238007a9-36bb-48b2-a853-d2876d2ea33e",
    "type": "image",
    "image": "people-2.jpg",
    "date": "2018-01-10T21:30:24.100Z"
  },
  {
    "id": "37bb8cdb-8e57-41d4-a760-830e7e1e4072",
    "profileId": "c83b1e6e-e67d-4f6b-a120-f7faf7ae6371",
    "type": "text",
    "text": "The nice thing about standards is that there are so many to choose from. — Unknown",

    "date": "2018-01-10T21:13:11.766Z"
  },
  {
    "id": "1ee512bb-f245-4dfc-8cd2-39d5a807a330",
    "profileId": "5385775d-49ee-4b1e-ada7-8e0d9f9e9dc0",
    "type": "text",
    "text": "There are 3 kinds of people: those who can count and those who can’t. — Unknown",

    "date": "2018-01-10T21:05:39.788Z"
  },
  {
    "id": "02310700-e1b0-4d56-b947-07340f5650f3",
    "profileId": "c5312ed4-8de0-404c-8686-cba6f22946a0",
    "type": "image",
    "image": "cats-4.jpg",
    "date": "2018-01-10T21:04:47.439Z"
  },
  {
    "id": "f9365560-932b-431a-ae03-598ff7652333",
    "profileId": "27839415-c3f7-4ef2-bedd-264497f6d14a",
    "type": "text",
    "text": "There is no place like 127.0.0.1 — Unknown",

    "date": "2018-01-10T21:02:57.657Z"
  },
  {
    "id": "2aa95d78-fc4f-411b-aa20-2578aad03998",
    "profileId": "b483e3b6-55c7-47ec-96b7-dbc27509a4b9",
    "type": "text",
    "text": "There is nothing quite so permanent as a quick fix. — Unknown",

    "date": "2018-01-10T20:59:59.444Z"
  },
  {
    "id": "b3658f02-a35a-4a97-9af4-f3a5640c6f0d",
    "profileId": "613f3aa5-5bd0-40bd-b156-5b53fc6664e5",
    "type": "text",
    "text": "There’s no test like production. — Unknown",
    "date": "2018-01-10T20:56:54.314Z"
  },
  {
    "id": "15925f50-a176-4bca-a4de-80bdab1414af",
    "profileId": "5385775d-49ee-4b1e-ada7-8e0d9f9e9dc0",
    "type": "text",
    "text": "To err is human, but for a real disaster you need a computer. — Unknown",
    "date": "2018-01-10T20:51:45.340Z"
  },
  {
    "id": "d32d5476-87c6-4b35-8858-f52a0b6a954d",
    "profileId": "fd08444e-ec1a-4001-8ae0-452214e7db8d",
    "type": "text",
    "text": "Ubuntu is an ancient African word, meaning \"can’t configure Debian\" — Unknown",
    "date": "2018-01-10T20:44:25.178Z"
  },
  {
    "id": "7820cfb6-bdfe-41a4-82eb-925f95900546",
    "profileId": "238007a9-36bb-48b2-a853-d2876d2ea33e",
    "type": "image",
    "image": "nightlife-8.jpg",
    "date": "2018-01-10T20:40:07.870Z"
  },
  {
    "id": "54d5435c-6b08-41da-903b-8741c380b54b",
    "profileId": "4e2a177a-d197-4148-8c1e-dde93231fa26",
    "type": "text",
    "text": "Real programmers can write assembly code in any language. — Larry Wall",
    "date": "2018-01-10T20:33:39.656Z"
  },
  {
    "id": "1d209390-07c3-446b-802a-5234616f5efc",
    "profileId": "10dd19f7-53ef-4fb7-a531-02f1496ab69f",
    "type": "text",
    "text": "The key to performance is elegance, not battalions of special cases. — Jon Bentley, Doug McIlroy",
    "date": "2018-01-10T20:33:20.300Z"
  },
  {
    "id": "f62373f9-6673-468d-837c-b02879739b68",
    "profileId": "613f3aa5-5bd0-40bd-b156-5b53fc6664e5",
    "type": "text",
    "text": "UNIX is the answer, but only if you phrase the question very carefully. — Unknown",
    "date": "2018-01-10T20:26:51.161Z"
  },
  {
    "id": "39214f1a-2a6f-4a19-a7ee-29a52712e6db",
    "profileId": "fd08444e-ec1a-4001-8ae0-452214e7db8d",
    "type": "text",
    "text": "Usenet is a Mobius strand of spaghetti. — Unknown",
    "date": "2018-01-10T20:17:08.306Z"
  },
  {
    "id": "e2a09ab4-0b9e-406f-aafd-b89d3ad79f33",
    "profileId": "13c7c2f3-41bb-404a-b1c6-69394af5d627",
    "type": "image",
    "image": "animals-1.jpg",
    "date": "2018-01-10T20:05:08.168Z"
  },
  {
    "id": "0b0658ec-f25f-4292-a405-f5054e5a91b1",
    "profileId": "4e2a177a-d197-4148-8c1e-dde93231fa26",
    "type": "text",
    "text": "Weeks of coding can save you hours of planning. — Unknown",
    "date": "2018-01-10T19:50:50.143Z"
  },
  {
    "id": "8a930f4b-9620-4bf5-9aca-8a9a8d77bc7d",
    "profileId": "10dd19f7-53ef-4fb7-a531-02f1496ab69f",
    "type": "text",
    "text": "When your computer starts falling apart, stop hitting it with a Hammer! — Unknown",
    "date": "2018-01-10T19:45:29.040Z"
  },
  {
    "id": "021b07de-e454-4a2c-bb38-546bcc880d65",
    "profileId": "c5312ed4-8de0-404c-8686-cba6f22946a0",
    "type": "text",
    "text": "Who is General Failure? And why is he reading my disk? — Unknown",
    "date": "2018-01-10T19:40:12.089Z"
  },
  {
    "id": "34416d73-85a3-4511-af1b-b1bf1adef2ac",
    "profileId": "5159c259-dc45-4dea-a063-a78e6df4b2be",
    "type": "image",
    "image": "food-8.jpg",
    "date": "2018-01-10T19:06:56.842Z"
  },
  {
    "id": "b2add7c8-d12f-48a8-b208-1cd1111ef416",
    "profileId": "c5312ed4-8de0-404c-8686-cba6f22946a0",
    "type": "text",
    "text": "You can stand on the shoulders of giants OR a big enough pile of dwarfs, works either way. — Unknown",
    "date": "2018-01-10T19:06:28.704Z"
  },
  {
    "id": "9d4dfb6f-164a-4dfa-ba3d-89dab5fce532",
    "profileId": "238007a9-36bb-48b2-a853-d2876d2ea33e",
    "type": "text",
    "text": "You start coding. I’ll go find out what they want. — Unknown",
    "date": "2018-01-10T18:57:51.959Z"
  },
  {
    "id": "a7b3e369-1ece-4b58-9114-463d6369ce59",
    "profileId": "888aec66-9ba5-4bc5-954c-2edab96a0ba2",
    "type": "text",
    "text": "Inside every large program, there is a program trying to get out. — C.A.R. Hoare",
    "date": "2018-01-10T18:57:43.972Z"
  },
  {
    "id": "70c92b7b-c98d-4387-8829-e6b3910b16d9",
    "profileId": "38fce289-85bf-46e1-aa3c-8ef3bef685fb",
    "type": "text",
    "text": "I love deadlines. I like the whooshing sound they make as they fly by. — Douglas Adams",
    "date": "2018-01-10T18:56:08.297Z"
  },
  {
    "id": "696700b3-9b11-41ce-929e-740d2abdb4e9",
    "profileId": "84befee1-ec96-41c0-8ba1-821634780893",
    "type": "image",
    "image": "food-4.jpg",
    "date": "2018-01-10T18:54:50.477Z"
  },
  {
    "id": "553fb7e3-b113-4b3c-a41e-e7e90f41a42c",
    "profileId": "90f9d621-760a-41db-b68d-d462cc9e9e29",
    "type": "text",
    "text": "Why do we never have time to do it right, but always have time to do it over? — Unknown",
    "date": "2018-01-10T18:46:48.105Z"
  },
  {
    "id": "486f75aa-62ce-455d-b016-d112118d2795",
    "profileId": "5159c259-dc45-4dea-a063-a78e6df4b2be",
    "type": "text",
    "text": "I think we agree, the past is over. — George W. Bush",
    "date": "2018-01-10T18:00:31.116Z"
  },
  {
    "id": "7c971eb5-cc50-4dfb-b71d-a9c56271feac",
    "profileId": "7b26ab6c-2cf6-4267-a9b2-4ed4ab19a514",
    "type": "text",

    "text": "In order to be irreplaceable, one must always be different. — Coco Chanel",
    "date": "2018-01-10T17:53:45.968Z"
  },
  {
    "id": "0c6c095f-de56-45bd-8105-e1f6211a56d9",
    "profileId": "613f3aa5-5bd0-40bd-b156-5b53fc6664e5",
    "type": "text",
    "text": "In the future everyone will be famous for fifteen minutes. — Andy Warhol",
    "date": "2018-01-10T17:44:59.568Z"
  },
  {
    "id": "de082dd5-cff0-446d-9819-a5ea0c4dd51e",
    "profileId": "5c32825d-3548-48f9-92da-441dd04d6072",
    "type": "text",
    "text": "The goal of Computer Science is to build something that will last at least until we´ve finished building it.  — Unknown",
    "date": "2018-01-10T17:25:05.128Z"
  },
  {
    "id": "5ab5ba15-4c96-435f-923d-0012998b3582",
    "profileId": "7b26ab6c-2cf6-4267-a9b2-4ed4ab19a514",
    "type": "text",
    "text": "In three words I can sum up everything I’ve learned about life: it goes on. — Robert Frost",
    "date": "2018-01-10T17:16:00.141Z"
  },
  {
    "id": "95f97ea6-702a-47ce-9f77-c7761a1c3593",
    "profileId": "e9b0ebd1-e278-4dc2-bedb-7e1e9320d6ec",
    "type": "text",
    "text": "It is a mistake to think you can solve any major problems just with potatoes. — Douglas Adams",
    "date": "2018-01-10T17:01:44.918Z"
  },
  {
    "id": "0f9a5dfb-a3a3-4cef-8b3d-29a0bdaf3e0e",
    "profileId": "27839415-c3f7-4ef2-bedd-264497f6d14a",
    "type": "text",
    "text": "A good way to stay flexible is to write less code. — Pragmatic Programmer",
    "date": "2018-01-10T16:46:32.027Z"
  },
  {
    "id": "2fff2288-2912-4455-be88-6ba239c11449",
    "profileId": "38fce289-85bf-46e1-aa3c-8ef3bef685fb",
    "type": "text",
    "text": "It’s kind of fun to do the impossible. — Walt Disney",
    "date": "2018-01-10T16:19:44.162Z"
  },
  {
    "id": "1470ffd5-c949-4c1e-b143-68a57e488b29",
    "profileId": "e9b0ebd1-e278-4dc2-bedb-7e1e9320d6ec",
    "type": "text",
    "text": "Java is to JavaScript what Car is to Carpet. — Chris Heilmann",
    "date": "2018-01-10T16:06:13.900Z"
  },
  {
    "id": "31ee0e16-8bac-4c19-88e1-f23a62c4cbfd",
    "profileId": "38fce289-85bf-46e1-aa3c-8ef3bef685fb",
    "type": "text",
    "text": "Judge a man by his questions rather than by his answers. — Voltaire",
    "date": "2018-01-10T15:58:50.604Z"
  },
  {
    "id": "ed708937-7952-4340-83a9-48c0293dd2fb",
    "profileId": "189c274d-b083-4560-a73f-2957cafabf8b",
    "type": "text",
    "text": "Just don’t create a file called -rf. — Larry Wall",
    "date": "2018-01-10T15:52:29.950Z"
  },
  {
    "id": "a9cadc04-8c40-4974-942c-df8f279d5576",
    "profileId": "189c274d-b083-4560-a73f-2957cafabf8b",
    "type": "text",
    "text": "Knowledge is power. — Francis Bacon",
    "date": "2018-01-10T15:42:15.190Z"
  },
  {
    "id": "f506c026-ccac-4056-82ff-3846a56c0b15",
    "profileId": "ef9dc08a-f3b8-4794-8803-8bd4c67e900d",
    "type": "text",
    "text": "Let’s call it an accidental feature. — Larry Wall",
    "date": "2018-01-10T15:35:57.792Z"
  },
  {
    "id": "a2850a87-e15e-4cc5-99ce-6622f23c663c",
    "profileId": "238007a9-36bb-48b2-a853-d2876d2ea33e",
    "type": "text",
    "text": "Linux is only free if your time has no value. — Jamie Zawinski",
    "date": "2018-01-10T14:44:41.304Z"
  },
  {
    "id": "941bf0ab-4a9f-4a46-baaa-619a9e3cf110",
    "profileId": "b483e3b6-55c7-47ec-96b7-dbc27509a4b9",
    "type": "text",
    "text": "No matter what the problem is, it´s always a people problem. — Gerald M. Weinberg",
    "date": "2018-01-10T14:43:16.407Z"
  },
  {
    "id": "55afebfc-f82a-48d5-83be-c073224ebfd2",
    "profileId": "27839415-c3f7-4ef2-bedd-264497f6d14a",
    "type": "image",
    "image": "business-8.jpg",
    "date": "2018-01-10T14:40:33.832Z"
  },
  {
    "id": "01f17cdc-7d36-4eca-b35d-a2043a28c2a4",
    "profileId": "e9b0ebd1-e278-4dc2-bedb-7e1e9320d6ec",
    "type": "image",
    "image": "abstract-9.jpg",
    "date": "2018-01-10T14:38:58.919Z"
  },
  {
    "id": "6b4c0115-a013-4694-9e5a-a05c0b0e574e",
    "profileId": "38fce289-85bf-46e1-aa3c-8ef3bef685fb",
    "type": "text",
    "text": "Measuring programming progress by lines of code is like measuring aircraft building progress by weight. — Bill Gates",
    "date": "2018-01-10T14:34:33.706Z"
  },
  {
    "id": "6edfdc5d-9cef-43a0-b820-39f141bc8fe9",
    "profileId": "7b26ab6c-2cf6-4267-a9b2-4ed4ab19a514",
    "type": "text",
    "text": "Never trust a computer you can’t throw out a window. — Steve Wozniak",
    "date": "2018-01-10T14:27:28.612Z"
  },
  {
    "id": "87e9e953-ac21-4644-97a0-96d12993dc1a",
    "profileId": "7b26ab6c-2cf6-4267-a9b2-4ed4ab19a514",
    "type": "image",
    "image": "fashion-6.jpg",
    "date": "2018-01-10T14:18:14.645Z"
  },
  {
    "id": "05834ee0-47d1-41f9-bcbc-91bd529e1e6a",
    "profileId": "c83b1e6e-e67d-4f6b-a120-f7faf7ae6371",
    "type": "text",
    "text": "Nobody expects the Spanish inquisition. — Monty Python",
    "date": "2018-01-10T14:12:11.897Z"
  },
  {
    "id": "fcb1b0b3-eeaf-4a1f-b377-a56a493fed54",
    "profileId": "5159c259-dc45-4dea-a063-a78e6df4b2be",
    "type": "text",
    "text": "On the Internet, nobody knows you’re a dog. — Peter Steiner",
    "date": "2018-01-10T14:11:46.151Z"
  },
  {
    "id": "f5d211d3-57e9-4ca2-82e7-1cfa2b06e1a7",
    "profileId": "238007a9-36bb-48b2-a853-d2876d2ea33e",
    "type": "text",
    "text": "One man’s constant is another man’s variable. — Alan J. Perlis",
    "date": "2018-01-10T13:51:04.878Z"
  },
  {
    "id": "61c56b29-06aa-4972-8102-abed78b6fee0",
    "profileId": "fd08444e-ec1a-4001-8ae0-452214e7db8d",
    "type": "image",
    "image": "people-9.jpg",
    "date": "2018-01-10T13:51:02.962Z"
  },
  {
    "id": "ee5b3ba2-b03a-4330-a27a-d8f7bbbac1e9",
    "profileId": "0e5fac67-4d9d-4bdb-a637-ba8d42d85ae2",
    "type": "image",
    "image": "sports-5.jpg",
    "date": "2018-01-10T13:48:50.466Z"
  },
  {
    "id": "f6abd865-7a27-476a-ba2f-9a40c3954fd3",
    "profileId": "90f9d621-760a-41db-b68d-d462cc9e9e29",
    "type": "text",
    "text": "People that hate cats will come back as mice in their next life. — Faith Resnick",
    "date": "2018-01-10T13:46:58.010Z"
  },
  {
    "id": "c31194b8-1bf4-40ac-bc95-d4785bab2c9a",
    "profileId": "5159c259-dc45-4dea-a063-a78e6df4b2be",
    "type": "text",
    "text": "Perl - The only language that looks the same before and after RSA encryption. — Keith Bostic",
    "date": "2018-01-10T13:44:40.260Z"
  },
  {
    "id": "75f1a7f1-59bc-44cd-b2d5-d1ce2676a2a4",
    "profileId": "0e5fac67-4d9d-4bdb-a637-ba8d42d85ae2",
    "type": "text",
    "text": "PHP – Yeah, you know me. — PHPaughty by PHPature",
    "date": "2018-01-10T13:44:10.943Z"
  },
  {
    "id": "4209b903-1191-41dd-8fcc-94a1ed40d6f3",
    "profileId": "189c274d-b083-4560-a73f-2957cafabf8b",
    "type": "text",
    "text": "The future is here. It is just not evenly distributed yet. — William Gibson",
    "date": "2018-01-10T13:39:52.175Z"
  },
  {
    "id": "5c4699ca-e4e1-4439-b22f-cb2abc44ef18",
    "profileId": "c83b1e6e-e67d-4f6b-a120-f7faf7ae6371",
    "type": "text",
    "text": "The greatest performance improvement of all is when a system goes from not-working to working. — John Ousterhout",
    "date": "2018-01-10T13:28:55.755Z"
  },
  {
    "id": "2f206be0-c60c-4cb2-91d3-3f813647f0f3",
    "profileId": "25bd5d3a-3393-417a-b3e8-d11250261f65",
    "type": "text",
    "text": "Software is like sex: It’s better when it’s free. — Linus Torvalds",
    "date": "2018-01-10T13:20:09.789Z"
  },
  {
    "id": "1ff81995-3cf6-4c72-8b56-1c62bfa3c2a5",
    "profileId": "238007a9-36bb-48b2-a853-d2876d2ea33e",
    "type": "text",
    "text": "Sour, sweet, bitter, pungent, all must be tasted. — Chinese Proverb",
    "date": "2018-01-10T13:03:28.429Z"
  },
  {
    "id": "ff0ffac1-e873-42ba-82ab-b866a0288e62",
    "profileId": "29472dde-9001-492f-9c73-daf249e04b6f",
    "type": "image",
    "image": "people-6.jpg",
    "date": "2018-01-10T13:00:08.612Z"
  },
  {
    "id": "b75ddbde-0582-4630-8eee-fcece14e28e4",
    "profileId": "38fce289-85bf-46e1-aa3c-8ef3bef685fb",
    "type": "text",
    "text": "Stay hungry, stay foolish. — Whole Earth Catalog",
    "date": "2018-01-10T13:00:08.091Z"
  },
  {
    "id": "fce170b0-6024-4bcb-8a51-5e2bbb8154b7",
    "profileId": "8f4f6d4d-9c7f-401b-a6fa-f5347134c265",
    "type": "text",
    "text": "The artist belongs to his work, not the work to the artist. — Novalis",
    "date": "2018-01-10T12:40:50.815Z"
  },
  {
    "id": "dce0a7af-a15d-471a-8a68-10044c932a0d",
    "profileId": "888aec66-9ba5-4bc5-954c-2edab96a0ba2",
    "type": "text",
    "text": "The only \"intuitive\" interface is the nipple. After that it’s all learned. — Bruce Ediger",
    "date": "2018-01-10T12:30:38.788Z"
  },
  {
    "id": "db5a1afc-93ec-4ae1-bb59-94ade5a39215",
    "profileId": "b483e3b6-55c7-47ec-96b7-dbc27509a4b9",
    "type": "text",
    "text": "The only completely consistent people are the dead. — Aldous Huxley",
    "date": "2018-01-10T12:13:33.312Z"
  },
  {
    "id": "f46d63b6-f4f9-476d-a93e-67671eeb992c",
    "profileId": "613f3aa5-5bd0-40bd-b156-5b53fc6664e5",
    "type": "text",
    "text": "The problem with troubleshooting is that trouble shoots back. — Unknown Author",
    "date": "2018-01-10T12:05:55.624Z"
  },
  {
    "id": "061044f9-4a48-44b9-ba2d-2ec5f008b79a",
    "profileId": "fd08444e-ec1a-4001-8ae0-452214e7db8d",
    "type": "text",
    "text": "Every big computing disaster has come from taking too many ideas and putting them in one place. — Gordon Bell",
    "date": "2018-01-10T11:38:13.098Z"
  },
  {
    "id": "10b41bff-590a-401d-a1fd-6eed02138254",
    "profileId": "189c274d-b083-4560-a73f-2957cafabf8b",
    "type": "text",
    "text": "The three great virtues of a programmer: laziness, impatience, and hubris. — Larry Wall",
    "date": "2018-01-10T11:27:34.782Z"
  },
  {
    "id": "f5f2f968-e611-4acf-a789-ba6c45e458d5",
    "profileId": "13c7c2f3-41bb-404a-b1c6-69394af5d627",
    "type": "text",
    "text": "Time is an illusion. Lunchtime doubly so. — Douglas Adams",
    "date": "2018-01-10T11:21:18.365Z"
  },
  {
    "id": "155a80b5-2bd1-4fad-a6ed-985313b991a6",
    "profileId": "10dd19f7-53ef-4fb7-a531-02f1496ab69f",
    "type": "text",
    "text": "When debugging, novices insert corrective code; experts remove defective code. — Richard Pattis",
    "date": "2018-01-10T11:08:54.845Z"
  },
  {
    "id": "1d29bd98-3cf6-45c8-abc6-72814cfc7b11",
    "profileId": "5159c259-dc45-4dea-a063-a78e6df4b2be",
    "type": "text",
    "text": "When in doubt, leave it out. — Joshua Bloch",
    "date": "2018-01-10T10:52:47.025Z"
  },
  {
    "id": "d20bf8de-7012-4f1a-879e-6f430ccc0761",
    "profileId": "10dd19f7-53ef-4fb7-a531-02f1496ab69f",
    "type": "text",
    "text": "Adding manpower to a late software project makes it later! — Fred Brooks",
    "date": "2018-01-10T10:52:34.948Z"
  },
  {
    "id": "440cf9aa-6955-47fc-b149-4dc91eb6ee6e",
    "profileId": "8f4f6d4d-9c7f-401b-a6fa-f5347134c265",
    "type": "image",
    "image": "sports-4.jpg",
    "date": "2018-01-10T10:45:50.474Z"
  },
  {
    "id": "608a975a-74db-4141-97bd-4e23e0e0d814",
    "profileId": "c5312ed4-8de0-404c-8686-cba6f22946a0",
    "type": "text",
    "text": "Walking on water and developing software from a specification are easy if both are frozen. — Edward V Berard",
    "date": "2018-01-10T10:26:52.913Z"
  },
  {
    "id": "301941c3-ddb4-47cb-9467-67ace094d318",
    "profileId": "888aec66-9ba5-4bc5-954c-2edab96a0ba2",
    "type": "text",
    "text": "The best way to get a project done faster is to start sooner — Jim Highsmith",
    "date": "2018-01-10T10:23:17.772Z"
  },
  {
    "id": "82edf9da-4c11-40a4-baa4-359096df0d54",
    "profileId": "5159c259-dc45-4dea-a063-a78e6df4b2be",
    "type": "text",
    "text": "We cannot learn without pain. — Aristotle",
    "date": "2018-01-10T10:18:23.462Z"
  },
  {
    "id": "b510a69a-5dbb-4d40-8ee3-c74118033d1e",
    "profileId": "5159c259-dc45-4dea-a063-a78e6df4b2be",
    "type": "text",
    "text": "We have always been shameless about stealing great ideas. — Steve Jobs",
    "date": "2018-01-10T10:14:50.619Z"
  },
  {
    "id": "c4944c4f-a261-4c81-a9f8-151fe95b07ad",
    "profileId": "996b03b4-2fd1-4b15-bd0f-7f260a70bcd0",
    "type": "image",
    "image": "nature-1.jpg",
    "date": "2018-01-10T09:43:47.138Z"
  },
  {
    "id": "219ca3d0-8a37-4147-93bc-219bf4c57483",
    "profileId": "4e2a177a-d197-4148-8c1e-dde93231fa26",
    "type": "text",
    "text": "You can kill a man but you can’t kill an idea. — Medgar Evers",
    "date": "2018-01-10T09:30:10.536Z"
  },
  {
    "id": "cf2fc769-bd1e-4484-97f9-3b37efdfe8d7",
    "profileId": "888aec66-9ba5-4bc5-954c-2edab96a0ba2",
    "type": "text",
    "text": "Even the best planning is not so omniscient as to get it right the first time. — Fred Brooks",
    "date": "2018-01-10T09:29:27.236Z"
  },
  {
    "id": "eea94c57-65af-4f16-b3ee-81b0440b5be8",
    "profileId": "c83b1e6e-e67d-4f6b-a120-f7faf7ae6371",
    "type": "text",
    "text": "All you need is love. But a new pair of shoes never hurt anybody. — Unknown",
    "date": "2018-01-10T09:29:25.022Z"
  },
  {
    "id": "1156b78c-dc85-45be-afd4-d59d13ff51cd",
    "profileId": "27839415-c3f7-4ef2-bedd-264497f6d14a",
    "type": "text",
    "text": "You can never underestimate the stupidity of the general public. — Scott Adams",
    "date": "2018-01-10T09:21:17.130Z"
  },
  {
    "id": "7c4259cc-f050-4490-a21a-51e1cd87f46d",
    "profileId": "90f9d621-760a-41db-b68d-d462cc9e9e29",
    "type": "image",
    "image": "city-6.jpg",
    "date": "2018-01-10T09:20:52.673Z"
  },
  {
    "id": "5b0c8b70-3ee5-4e6d-9262-95e1ce85348c",
    "profileId": "7234ca60-2ece-482b-a8d0-1bd4fdf06a1e",
    "type": "text",
    "text": "You must have chaos in your soul to give birth to a dancing star. — Friedrich Nietzsche",
    "date": "2018-01-10T09:16:26.477Z"
  },
  {
    "id": "12ea0fbd-7dcc-46bb-9d0e-9098990217a0",
    "profileId": "5159c259-dc45-4dea-a063-a78e6df4b2be",
    "type": "image",
    "image": "food-5.jpg",
    "date": "2018-01-10T09:09:30.515Z"
  },
  {
    "id": "e84937f7-0bf8-4d2a-b929-7a936a74312c",
    "profileId": "38bbb7ac-d244-43e4-9bb4-78579591e193",
    "type": "text",
    "text": "Without requirements or design, programming is the art of adding bugs to an empty \"text\" file. — Louis Srygley",
    "date": "2018-01-10T08:59:51.774Z"
  },
  {
    "id": "72233522-b72d-446c-a3a7-c98f12899a97",
    "profileId": "38bbb7ac-d244-43e4-9bb4-78579591e193",
    "type": "text",
    "text": "Sometimes it pays to stay in bed on Monday, rather than spending the rest of the week debugging Monday’s code. — Dan Salomon",
    "date": "2018-01-10T08:50:17.721Z"
  },
  {
    "id": "b155e918-da9f-42f3-b2d6-204858b86a87",
    "profileId": "25bd5d3a-3393-417a-b3e8-d11250261f65",
    "type": "text",
    "text": "You miss 100 percent of the shots you never take. — Wayne Gretzky",
    "date": "2018-01-10T08:40:11.805Z"
  },
  {
    "id": "dfea304d-295f-4bae-a6eb-6d4c5b635f3a",
    "profileId": "b483e3b6-55c7-47ec-96b7-dbc27509a4b9",
    "type": "text",
    "text": "One of the biggest problems that software developers face is that technology changes rapidly. It is very hard to stay current. — Vivek Wadhwa",
    "date": "2018-01-10T08:20:51.224Z"
  },
  {
    "id": "c2cbf6e1-2eec-42d5-87d5-07e7d4fcc827",
    "profileId": "7234ca60-2ece-482b-a8d0-1bd4fdf06a1e",
    "type": "text",
    "text": "Ideas want to be ugly. — Jason Santa Maria",
    "date": "2018-01-10T08:18:00.695Z"
  },
  {
    "id": "a697a431-f854-4af8-9e6a-c775a5deb530",
    "profileId": "c83b1e6e-e67d-4f6b-a120-f7faf7ae6371",
    "type": "text",
    "text": "Developer: an organism that turns coffee into code. — Unknown",
    "date": "2018-01-10T08:13:39.359Z"
  },
  {
    "id": "ffa26e2d-bdd1-445f-9d00-728296146817",
    "profileId": "613f3aa5-5bd0-40bd-b156-5b53fc6664e5",
    "type": "text",
    "text": "One man´s crappy software is another man´s full time job. — Jessica Gaston",
    "date": "2018-01-10T08:13:02.021Z"
  },
  {
    "id": "f5b5bd3e-ae66-4335-bcd3-f43f98313112",
    "profileId": "c83b1e6e-e67d-4f6b-a120-f7faf7ae6371",
    "type": "text",
    "text": "It´s okay to figure out murder mysteries, but you shouldn´t need to figure out code. You should be able to read it. — Steve McConnell",
    "date": "2018-01-10T08:04:06.576Z"
  },
  {
    "id": "fcc46529-43de-43e0-9b8e-d6e674344049",
    "profileId": "238007a9-36bb-48b2-a853-d2876d2ea33e",
    "type": "image",
    "image": "abstract-3.jpg",
    "date": "2018-01-10T08:00:41.384Z"
  },
  {
    "id": "ba310fa7-9bd2-4d36-bcdf-e3c732ea4fe3",
    "profileId": "10dd19f7-53ef-4fb7-a531-02f1496ab69f",
    "type": "text",
    "text": "Programming languages, like pizzas, come in only two sizes: too big and too small. — Richard Pattis",
    "date": "2018-01-10T07:47:42.167Z"
  },
  {
    "id": "138dc83d-2c1f-462d-ae40-f6cfc0ea8d1b",
    "profileId": "38fce289-85bf-46e1-aa3c-8ef3bef685fb",
    "type": "text",
    "text": "The best revenge is massive success. — Frank Sinatra",
    "date": "2018-01-10T07:44:37.329Z"
  },
  {
    "id": "a1f4232e-7ba3-457f-a2ac-944d9deca67d",
    "profileId": "4e2a177a-d197-4148-8c1e-dde93231fa26",
    "type": "image",
    "image": "fashion-7.jpg",
    "date": "2018-01-10T07:41:41.697Z"
  },
  {
    "id": "025b5ccf-da8a-49d7-a30c-a156900e8ecf",
    "profileId": "888aec66-9ba5-4bc5-954c-2edab96a0ba2",
    "type": "text",
    "text": "Programming today is a race between software engineers striving to build bigger and better idiot-proof programs, and the universe trying to produce bigger and better idiots. So far, the universe is winning. — Rich Cook",
    "date": "2018-01-10T07:41:08.240Z"
  },
  {
    "id": "8d5f3ae3-83ef-4690-9750-e007908afeeb",
    "profileId": "c83b1e6e-e67d-4f6b-a120-f7faf7ae6371",
    "type": "text",
    "text": "Plan to throw one (implementation) away; you will, anyhow. — Fred Brooks",
    "date": "2018-01-10T07:36:03.277Z"
  }
]
