[
  {
    "id": "0e5fac67-4d9d-4bdb-a637-ba8d42d85ae2",
    "email": "alex.andrews@example.com",
    "password": "alex.andrews@example.com",
    "firstName": "Alex",
    "lastName": "Andrews",
    "gender": "female",
    "title": "mrs",
    "avatar": "0e5fac67-4d9d-4bdb-a637-ba8d42d85ae2.jpg"
  },
  {
    "id": "10dd19f7-53ef-4fb7-a531-02f1496ab69f",
    "email": "shaun.rhodes@example.com",
    "password": "shaun.rhodes@example.com",
    "firstName": "Shaun",
    "lastName": "Rhodes",
    "gender": "male",
    "title": "mr",
    "avatar": "10dd19f7-53ef-4fb7-a531-02f1496ab69f.jpg"
  },
  {
    "id": "13c7c2f3-41bb-404a-b1c6-69394af5d627",
    "email": "julio.horton@example.com",
    "password": "julio.horton@example.com",
    "firstName": "Julio",
    "lastName": "Horton",
    "gender": "male",
    "title": "mr",
    "avatar": "13c7c2f3-41bb-404a-b1c6-69394af5d627.jpg"
  },
  {
    "id": "189c274d-b083-4560-a73f-2957cafabf8b",
    "email": "heather.anderson@example.com",
    "password": "heather.anderson@example.com",
    "firstName": "Heather",
    "lastName": "Anderson",
    "gender": "female",
    "title": "ms",
    "avatar": "189c274d-b083-4560-a73f-2957cafabf8b.jpg"
  },
  {
    "id": "238007a9-36bb-48b2-a853-d2876d2ea33e",
    "email": "debbie.morrison@example.com",
    "password": "debbie.morrison@example.com",
    "firstName": "Debbie",
    "lastName": "Morrison",
    "gender": "female",
    "title": "miss",
    "avatar": "238007a9-36bb-48b2-a853-d2876d2ea33e.jpg"
  },
  {
    "id": "25bd5d3a-3393-417a-b3e8-d11250261f65",
    "email": "steve.dixon@example.com",
    "password": "steve.dixon@example.com",
    "firstName": "Steve",
    "lastName": "Dixon",
    "gender": "male",
    "title": "mr",
    "avatar": "25bd5d3a-3393-417a-b3e8-d11250261f65.jpg"
  },
  {
    "id": "27839415-c3f7-4ef2-bedd-264497f6d14a",
    "email": "rodney.may@example.com",
    "password": "rodney.may@example.com",
    "firstName": "Rodney",
    "lastName": "May",
    "gender": "male",
    "title": "mr",
    "avatar": "27839415-c3f7-4ef2-bedd-264497f6d14a.jpg"
  },
  {
    "id": "29472dde-9001-492f-9c73-daf249e04b6f",
    "email": "karen.burton@example.com",
    "password": "karen.burton@example.com",
    "firstName": "Karen",
    "lastName": "Burton",
    "gender": "female",
    "title": "ms",
    "avatar": "29472dde-9001-492f-9c73-daf249e04b6f.jpg"
  },
  {
    "id": "38bbb7ac-d244-43e4-9bb4-78579591e193",
    "email": "cory.graham@example.com",
    "password": "cory.graham@example.com",
    "firstName": "Cory",
    "lastName": "Graham",
    "gender": "male",
    "title": "mr",
    "avatar": "38bbb7ac-d244-43e4-9bb4-78579591e193.jpg"
  },
  {
    "id": "38fce289-85bf-46e1-aa3c-8ef3bef685fb",
    "email": "sheryl.woods@example.com",
    "password": "sheryl.woods@example.com",
    "firstName": "Sheryl",
    "lastName": "Woods",
    "gender": "female",
    "title": "ms",
    "avatar": "38fce289-85bf-46e1-aa3c-8ef3bef685fb.jpg"
  },
  {
    "id": "4e2a177a-d197-4148-8c1e-dde93231fa26",
    "email": "karen.pena@example.com",
    "password": "karen.pena@example.com",
    "firstName": "Karen",
    "lastName": "Pena",
    "gender": "female",
    "title": "mrs",
    "avatar": "4e2a177a-d197-4148-8c1e-dde93231fa26.jpg"
  },
  {
    "id": "5159c259-dc45-4dea-a063-a78e6df4b2be",
    "email": "donna.russell@example.com",
    "password": "donna.russell@example.com",
    "firstName": "Donna",
    "lastName": "Russell",
    "gender": "female",
    "title": "mrs",
    "avatar": "5159c259-dc45-4dea-a063-a78e6df4b2be.jpg"
  },
  {
    "id": "5385775d-49ee-4b1e-ada7-8e0d9f9e9dc0",
    "email": "connor.mcdonalid@example.com",
    "password": "connor.mcdonalid@example.com",
    "firstName": "Connor",
    "lastName": "Mcdonalid",
    "gender": "male",
    "title": "mr",
    "avatar": "5385775d-49ee-4b1e-ada7-8e0d9f9e9dc0.jpg"
  },
  {
    "id": "5c32825d-3548-48f9-92da-441dd04d6072",
    "email": "alfred.stanley@example.com",
    "password": "alfred.stanley@example.com",
    "firstName": "Alfred",
    "lastName": "Stanley",
    "gender": "male",
    "title": "mr",
    "avatar": "5c32825d-3548-48f9-92da-441dd04d6072.jpg"
  },
  {
    "id": "613f3aa5-5bd0-40bd-b156-5b53fc6664e5",
    "email": "greg.wallace@example.com",
    "password": "greg.wallace@example.com",
    "firstName": "Greg",
    "lastName": "Wallace",
    "gender": "male",
    "title": "mr",
    "avatar": "613f3aa5-5bd0-40bd-b156-5b53fc6664e5.jpg"
  },
  {
    "id": "7234ca60-2ece-482b-a8d0-1bd4fdf06a1e",
    "email": "kimberly.mccoy@example.com",
    "password": "kimberly.mccoy@example.com",
    "firstName": "Kimberly",
    "lastName": "Mccoy",
    "gender": "female",
    "title": "mrs",
    "avatar": "7234ca60-2ece-482b-a8d0-1bd4fdf06a1e.jpg"
  },
  {
    "id": "7b26ab6c-2cf6-4267-a9b2-4ed4ab19a514",
    "email": "lauren.simmmons@example.com",
    "password": "lauren.simmmons@example.com",
    "firstName": "Lauren",
    "lastName": "Simmmons",
    "gender": "female",
    "title": "miss",
    "avatar": "7b26ab6c-2cf6-4267-a9b2-4ed4ab19a514.jpg"
  },
  {
    "id": "7c194597-c6ec-4ef6-9525-983336801a09",
    "email": "nicky.dean@example.com",
    "password": "nicky.dean@example.com",
    "firstName": "Nicky",
    "lastName": "Dean",
    "gender": "female",
    "title": "mrs",
    "avatar": "7c194597-c6ec-4ef6-9525-983336801a09.jpg"
  },
  {
    "id": "84befee1-ec96-41c0-8ba1-821634780893",
    "email": "amelia.myers@example.com",
    "password": "amelia.myers@example.com",
    "firstName": "Amelia",
    "lastName": "Myers",
    "gender": "female",
    "title": "miss",
    "avatar": "84befee1-ec96-41c0-8ba1-821634780893.jpg"
  },
  {
    "id": "888aec66-9ba5-4bc5-954c-2edab96a0ba2",
    "email": "kelly.hanson@example.com",
    "password": "kelly.hanson@example.com",
    "firstName": "Kelly",
    "lastName": "Hanson",
    "gender": "male",
    "title": "mr",
    "avatar": "888aec66-9ba5-4bc5-954c-2edab96a0ba2.jpg"
  },
  {
    "id": "8f4f6d4d-9c7f-401b-a6fa-f5347134c265",
    "email": "jerry.mccoy@example.com",
    "password": "jerry.mccoy@example.com",
    "firstName": "Jerry",
    "lastName": "Mccoy",
    "gender": "male",
    "title": "mr",
    "avatar": "8f4f6d4d-9c7f-401b-a6fa-f5347134c265.jpg"
  },
  {
    "id": "90f9d621-760a-41db-b68d-d462cc9e9e29",
    "email": "amber.spencer@example.com",
    "password": "amber.spencer@example.com",
    "firstName": "Amber",
    "lastName": "Spencer",
    "gender": "female",
    "title": "mrs",
    "avatar": "90f9d621-760a-41db-b68d-d462cc9e9e29.jpg"
  },
  {
    "id": "996b03b4-2fd1-4b15-bd0f-7f260a70bcd0",
    "email": "clifford.silva@example.com",
    "password": "clifford.silva@example.com",
    "firstName": "Clifford",
    "lastName": "Silva",
    "gender": "male",
    "title": "mr",
    "avatar": "996b03b4-2fd1-4b15-bd0f-7f260a70bcd0.jpg"
  },
  {
    "id": "b483e3b6-55c7-47ec-96b7-dbc27509a4b9",
    "email": "ronnie.jennings@example.com",
    "password": "ronnie.jennings@example.com",
    "firstName": "Ronnie",
    "lastName": "Jennings",
    "gender": "male",
    "title": "mr",
    "avatar": "b483e3b6-55c7-47ec-96b7-dbc27509a4b9.jpg"
  },
  {
    "id": "c5312ed4-8de0-404c-8686-cba6f22946a0",
    "email": "nathan.miles@example.com",
    "password": "nathan.miles@example.com",
    "firstName": "Nathan",
    "lastName": "Miles",
    "gender": "male",
    "title": "mr",
    "avatar": "c5312ed4-8de0-404c-8686-cba6f22946a0.jpg"
  },
  {
    "id": "c83b1e6e-e67d-4f6b-a120-f7faf7ae6371",
    "email": "catherine.wade@example.com",
    "password": "catherine.wade@example.com",
    "firstName": "Catherine",
    "lastName": "Wade",
    "gender": "female",
    "title": "ms",
    "avatar": "c83b1e6e-e67d-4f6b-a120-f7faf7ae6371.jpg"
  },
  {
    "id": "e9b0ebd1-e278-4dc2-bedb-7e1e9320d6ec",
    "email": "hugh.jimenez@example.com",
    "password": "hugh.jimenez@example.com",
    "firstName": "Hugh",
    "lastName": "Jimenez",
    "gender": "male",
    "title": "mr",
    "avatar": "e9b0ebd1-e278-4dc2-bedb-7e1e9320d6ec.jpg"
  },
  {
    "id": "ef9dc08a-f3b8-4794-8803-8bd4c67e900d",
    "email": "grace.butler@example.com",
    "password": "grace.butler@example.com",
    "firstName": "Grace",
    "lastName": "Butler",
    "gender": "female",
    "title": "mrs",
    "avatar": "ef9dc08a-f3b8-4794-8803-8bd4c67e900d.jpg"
  },
  {
    "id": "f611998f-5b25-4667-bed6-e6b64b4cde01",
    "email": "catherine.wells@example.com",
    "password": "catherine.wells@example.com",
    "firstName": "Catherine",
    "lastName": "Wells",
    "gender": "female",
    "title": "mrs",
    "avatar": "f611998f-5b25-4667-bed6-e6b64b4cde01.jpg"
  },
  {
    "id": "fd08444e-ec1a-4001-8ae0-452214e7db8d",
    "email": "vicki.kelly@example.com",
    "password": "vicki.kelly@example.com",
    "firstName": "Vicki",
    "lastName": "Kelly",
    "gender": "female",
    "title": "miss",
    "avatar": "fd08444e-ec1a-4001-8ae0-452214e7db8d.jpg"
  }
]
