{
  "name": "Post",
  "base": "PersistedModel",
  "idInjection": true,
  "options": {
    "validateUpsert": true,
    "forceId": false
  },
  "mixins": {
    "Paginate": {
      "limit": "10"
    }
  },
  "properties": {
    "id": {
      "type": "string",
      "id": true,
      "required": true,
      "defaultFn": "uuidv4"
    },
    "profileId": {
      "type": "string",
      "required": true
    },
    "type": {
      "type": "string",
      "required": true,
      "default": "text"
    },
    "text": {
      "type": "string"
    },
    "image": {
      "type": "string"
    },
    "date": {
      "type": "date",
      "required": true
    }
  },
  "validations": [],
  "relations": {
    "profile": {
      "type": "belongsTo",
      "model": "Profile",
      "foreignKey": ""
    }
  },
  "acls": [],
  "methods": {}
}
