{
  "name": "Profile",
  "base": "PersistedModel",
  "idInjection": true,
  "options": {
    "validateUpsert": true,
    "forceId": false
  },
  "properties": {
    "id": {
      "type": "string",
      "id": true,
      "required": true,
      "defaultFn": "uuidv4"
    },
    "email": {
      "type": "string",
      "required": true
    },
    "password": {
      "type": "string",
      "required": true
    },
    "firstName": {
      "type": "string",
      "required": true
    },
    "lastName": {
      "type": "string",
      "required": true
    },
    "gender": {
      "type": "string"
    },
    "title": {
      "type": "string"
    },
    "avatar": {
      "type": "string"
    }
  },
  "validations": [],
  "relations": {
    "posts": {
      "type": "hasMany",
      "model": "Post",
      "foreignKey": "",
      "scope": {
        "order": "date desc"
      }
    }
  },
  "acls": [],
  "methods": {}
}
