{
  "index": "/index.html",
  "assetGroups": [
    {
      "name": "app",
      "installMode": "prefetch",
      "resources": {
        "files": [
          "/favicon.ico",
          "/index.html",
          "/*.css",
          "/*.js"
        ]
      }
    }, {
      "name": "assets",
      "installMode": "lazy",
      "updateMode": "prefetch",
      "resources": {
        "files": [
          "/assets/**"
        ]
      }
    },
    {
      "name": "externals",
      "installMode": "prefetch",
      "updateMode": "prefetch",
      "resources": {
        "urls": [
          "https://ajax.googleapis.com/**",
          "https://fonts.googleapis.com/**",
          "https://fonts.gstatic.com/**",
          "https://stackpath.bootstrapcdn.com/**"
        ]
      }
    },
    {
      "name": "avatars",
      "installMode": "prefetch",
      "updateMode": "prefetch",
      "resources": {
        "urls": [
          "http://localhost:3000/avatars/**",
          "https://packt-angular-social-api.now.sh/avatars/**"
        ]
      }
    }
  ],
  "dataGroups": [
    {
      "name": "rest-api",
      "urls": [
        "http://localhost:3000/api/**",
        "https://packt-angular-social-api.now.sh/api/**"
      ],
      "cacheConfig": {
        "strategy": "freshness",
        "maxSize": 100,
        "maxAge": "1h",
        "timeout": "5s"
      }
    }
  ]
}
